N_majority,Log10_N_majority,Delta_Z,Probability_Weight
10000.0,4.0,82.89306334778566,9.999999999999886e-37
12045.035402587811,4.08080808080808,89.59149270922283,1.2328467394421087e-39
14508.287784959402,4.161616161616162,96.2899220706601,1.519911082952926e-42
17475.28400007683,4.242424242424242,102.9883514320973,1.8738174228604077e-45
21049.04144512022,4.3232323232323235,109.68678079353457,2.310129700083098e-48
25353.644939701113,4.404040404040404,116.38521015497176,2.848035868435816e-51
30538.555088334124,4.484848484848484,123.08363951640897,3.51119173421521e-54
36783.79771828634,4.565656565656566,129.7820688778462,4.3287612810831074e-57
44306.21457583878,4.646464646464646,136.48049823928343,5.336699231206311e-60
53366.99231206313,4.7272727272727275,143.1789276007207,6.579332246575424e-63
64280.73117284319,4.808080808080808,149.87735696215788,8.111308307896926e-66
77426.36826811278,4.888888888888889,156.57578632359514,9.999999999999675e-69
93260.334688322,4.96969696969697,163.27421568503235,1.2328467394420477e-71
112332.40329780265,5.05050505050505,169.97264504646952,1.5199110829529805e-74
135304.77745798076,5.1313131313131315,176.6710744079068,1.8738174228603678e-77
162975.08346206436,5.212121212121212,183.369503769344,2.31012970008318e-80
196304.06500402724,5.292929292929293,190.06793313078126,2.8480358684357148e-83
236448.9412645407,5.373737373737374,196.76636249221846,3.511191734215085e-86
284803.5868435805,5.454545454545455,203.46479185365573,4.3287612810828316e-89
343046.9286314919,5.5353535353535355,210.1632212150929,5.336699231206274e-92
413201.24001153343,5.616161616161616,216.86165057653008,6.579332246575939e-95
497702.35643321136,5.696969696969697,223.56007993796737,8.11130830789664e-98
599484.2503189408,5.777777777777778,230.25850929940455,1.0000000000000174e-100
722080.9018385471,5.858585858585859,236.95693866084181,1.232846739442039e-103
869749.0026177834,5.9393939393939394,243.65536802227902,1.5199110829529267e-106
1047615.7527896662,6.020202020202021,250.35379738371628,1.8738174228603016e-109
1261856.8830660211,6.101010101010101,257.05222674515346,2.3101297000831644e-112
1519911.0829529332,6.181818181818182,263.75065610659067,2.8480358684358568e-115
1830738.2802953697,6.262626262626263,270.44908546802793,3.511191734215061e-118
2205130.739903046,6.343434343434343,277.14751482946514,4.328761281083048e-121
2656087.782946684,6.424242424242424,283.84594419090234,5.3366992312063895e-124
3199267.1377973845,6.505050505050505,290.5443735523396,6.579332246575519e-127
3853528.593710535,6.5858585858585865,297.2428029137768,8.111308307896815e-130
4641588.833612782,6.666666666666667,303.941232275214,1.0000000000000105e-132
5590810.182512223,6.747474747474747,310.6396616366512,1.2328467394421006e-135
6734150.657750828,6.828282828282829,317.3380909980885,1.5199110829529163e-138
8111308.307896872,6.909090909090909,324.0365203595257,1.8738174228603952e-141
9770099.572992247,6.98989898989899,330.7349497209629,2.3101297000832137e-144
11768119.524349991,7.070707070707071,337.43337908240017,2.848035868435756e-147
14174741.629268076,7.151515151515152,344.13180844383743,3.511191734214937e-150
17073526.47470692,7.232323232323233,350.83023780527463,4.3287612810828944e-153
20565123.083486516,7.313131313131313,357.5286671667118,5.336699231206504e-156
24770763.55991714,7.3939393939393945,364.2270965281491,6.579332246575286e-159
29836472.402833402,7.474747474747475,370.92552588958625,8.111308307896988e-162
35938136.63804626,7.555555555555555,377.62395525102346,1.000000000000032e-164
43287612.810830615,7.636363636363637,384.3223846124607,1.232846739442057e-167
52140082.879996955,7.717171717171718,391.020813973898,1.5199110829528625e-170
62802914.41834259,7.7979797979797985,397.7192433353352,1.873817422860329e-173
75646332.7554629,7.878787878787879,404.4176726967724,2.3101297000831322e-176
91116275.61154905,7.95959595959596,411.11610205820966,2.8480358684356556e-179
109749876.5493059,8.040404040404042,417.8145314196469,3.5111917342148125e-182
132194114.84660287,8.121212121212121,424.5129607810841,4.328761281082987e-185
159228279.3341094,8.202020202020202,431.21139014252134,5.3366992312060115e-188
191791026.16724926,8.282828282828284,437.9098195039586,6.579332246575054e-191
231012970.0083158,8.363636363636363,444.6082488653957,8.111308307897162e-194
278255940.2207126,8.444444444444445,451.306678226833,9.999999999999397e-197
335160265.09388477,8.525252525252526,458.0051075882702,1.2328467394420133e-199
403701725.85965496,8.606060606060606,464.70353694970737,1.5199110829529815e-202
486260158.00653535,8.686868686868687,471.40196631114463,1.8738174228603692e-205
585702081.8056673,8.767676767676768,478.1003956725819,2.3101297000830502e-208
705480231.071863,8.848484848484848,484.798825034019,2.8480358684360404e-211
849753435.9086473,8.92929292929293,491.4972543954564,3.5111917342146885e-214
1023531021.8990269,9.01010101010101,498.1956837568936,4.3287612810828344e-217
1232846739.4420683,9.090909090909092,504.89411311833084,5.336699231205823e-220
1484968262.2544696,9.171717171717173,511.5925424797681,6.5793322465748206e-223
1788649529.057435,9.252525252525253,518.2909718412052,8.111308307896875e-226
2154434690.0318866,9.333333333333334,524.9894012026424,1.000000000000018e-228
2595024211.3997426,9.414141414141415,531.6878305640797,1.2328467394419697e-231
3125715849.6882353,9.494949494949495,538.3862599255168,1.5199110829530142e-234
3764935806.7924714,9.575757575757576,545.0846892869541,1.8738174228603028e-237
4534878508.128592,9.656565656565657,551.7831186483913,2.3101297000831e-240
5462277217.684337,9.737373737373737,558.4815480098285,2.848035868435778e-243
6579332246.575683,9.818181818181818,565.1799773712657,3.511191734215163e-246
7924828983.539186,9.8989898989899,571.8784067327031,4.328761281082681e-249
9545484566.618328,9.97979797979798,578.5768360941402,5.336699231206544e-252
11497569953.977404,10.060606060606062,585.2752654555776,6.579332246574588e-255
13848863713.938745,10.141414141414142,591.9736948170148,8.1113083078956665e-258
16681005372.000557,10.222222222222221,598.6721241784518,1.0000000000000964e-260
20092330025.65054,10.303030303030305,605.3705535398892,1.2328467394419261e-263
24201282647.943832,10.383838383838384,612.0689829013263,1.5199110829529604e-266
29150530628.251816,10.464646464646465,618.7674122627636,1.8738174228602368e-269
35111917342.15142,10.545454545454547,625.465841624201,2.3101297000827557e-272
42292428743.89499,10.626262626262626,632.1642709856379,2.8480358684360007e-275
50941380148.16386,10.707070707070708,638.8627003470752,3.511191734215039e-278
61359072734.13188,10.787878787878789,645.5611297085126,4.328761281082528e-281
73907220335.25775,10.868686868686869,652.2595590699495,5.3366992312069624e-284
89021508544.50392,10.94949494949495,658.9579884313869,6.579332246575851e-287
107226722201.03253,11.030303030303031,665.6564177928242,8.111308307896301e-290
129154966501.48827,11.11111111111111,672.3548471542613,1.0000000000000609e-292
155567614393.04785,11.191919191919194,679.0532765156986,1.2328467394420226e-295
187381742286.0387,11.272727272727273,685.7517058771358,1.5199110829529066e-298
225701971963.3917,11.353535353535353,692.4501352385729,1.8738174228605964e-301
271858824273.29514,11.434343434343436,699.1485646000103,2.3101297000829364e-304
327454916287.7732,11.515151515151516,705.8469939614474,2.8480358684359e-307
394420605943.7664,11.595959595959597,712.5454233228847,3.5111917342149e-310
475081016210.28125,11.676767676767678,719.243852684322,4.3287612811e-313
572236765935.022,11.757575757575758,725.9422820457592,5.33669923e-316
689261210434.971,11.83838383838384,732.6407114071964,6.5793e-319
830217568131.9769,11.91919191919192,739.3391407686337,8.1e-322
1000000000000.0,12.0,746.0375701300708,0.0
