Scenario,Trial_ID,Final_Opinion_IG,Final_Trust_DGI,Follow_Ratio_x
Normal,1,-5136188520.159699,-0.9739083761732283,0.013045811913385818
Normal,2,-2861916168.58698,-0.9748852330235432,0.012557383488228381
Normal,3,-2642487968.7357936,-0.9391018022331629,0.03044909888341856
Normal,4,-3788775579.991844,-1.0,0.0
Normal,5,-6953421847.52468,-0.9891077597106007,0.0054461201446996555
Normal,6,-3369362510.5332847,-0.9924137539294191,0.003793123035290428
Normal,7,-333343699.59922534,-0.9813479728779319,0.009326013561034078
Normal,8,-974608506.722208,-0.9792118859736726,0.010394057013163703
Normal,9,-3960513389.5161695,-0.9900139110525398,0.004993044473730122
Normal,10,-2530766629.7581925,-0.9476349935223638,0.026182503238818093
Normal,11,-1193304686.5851243,-0.9885106195450319,0.005744690227484019
Normal,12,-3317056501.344449,-0.9496361924276449,0.025181903786177594
Normal,13,-5554921861.906955,-0.9418989142770096,0.02905054286149522
Normal,14,-5083897889.123601,-0.9785837228179312,0.010708138591034404
Normal,15,-3889644567.982287,-0.946661516099713,0.026669241950143467
Normal,16,-647831981.8382258,-0.9757282765335789,0.012135861733210584
Normal,17,-1637582370.104919,-0.9564788682678053,0.021760565866097356
Normal,18,-7686553640.6426,-0.9741454308872833,0.012927284556358326
Normal,19,-5279726906.519225,-0.9959472027651779,0.0020263986174110554
Normal,20,-3859768298.9151263,-0.9670761545215075,0.01646192273924624
Normal,21,-4880936813.363987,-0.9779266175041621,0.011036691247918933
Normal,22,-747541463.6008706,-0.9396870756031953,0.030156462198402352
Normal,23,-4132221926.741433,-0.9893183690983083,0.0053408154508458525
Normal,24,-545864553.4121023,-0.9576974457427276,0.021151277128636205
Normal,25,-1063070211.8455763,-0.9916745183200487,0.004162740839975655
Normal,26,-6017185754.132263,-1.0,0.0
Normal,27,-2288467904.7911806,-1.0,0.0
Normal,28,-6676589478.573239,-0.937357518470393,0.03132124076480353
Normal,29,-237272391.31125838,-0.9757926765499862,0.012103661725006895
Normal,30,-2822080823.312241,-0.961493559723151,0.019253220138424516
Normal,31,-3347026711.198348,-0.9726647748657361,0.013667612567131974
Normal,32,-1631853976.6559067,-0.988322630804132,0.005838684597934006
Normal,33,-834061124.7015647,-0.9974495306302333,0.001275234684883355
Normal,34,-585954946.2181461,-0.9757699362350484,0.01211503188247582
Normal,35,-727720419.1036651,-0.9619629658442816,0.019018517077859183
Normal,36,-2756946098.149499,-0.9806518109482295,0.009674094525885222
Normal,37,-1772537149.4898381,-0.9800450627645338,0.009977468617733094
Normal,38,-2999704780.556492,-0.9601926285003751,0.019903685749812456
Normal,39,-2527050056.5377426,-0.9973351694218864,0.0013324152890568158
Normal,40,-1808530555.5543556,-0.9849139902415489,0.007543004879225537
Normal,41,-1681970585.3897905,-0.9860488355879836,0.006975582206008217
Normal,42,-798694318.041353,-1.0,0.0
Normal,43,-254699528.7769855,-1.0,0.0
Normal,44,-508474694.48463804,-0.9564676517191387,0.021766174140430642
Normal,45,-2730882285.2713094,-0.9820226440621243,0.008988677968937873
Normal,46,-2426899447.796477,-0.9968561256632916,0.001571937168354207
Normal,47,-1168627415.6228914,-0.9974647408100209,0.001267629594989523
Normal,48,-5489713726.360621,-0.9844948808729821,0.007752559563508949
Normal,49,-1862395358.0950484,-0.9910606401814764,0.004469679909261787
Normal,50,-1692836474.4894056,-0.995981648256594,0.002009175871703027
Normal,51,-768926962.6760161,-0.9628912520851831,0.018554373957408467
Normal,52,-334879677.75967145,-1.0,0.0
Normal,53,-825181150.7617223,-0.9729626994199242,0.013518650290037881
Normal,54,-79215069.94389753,-0.9739169218993542,0.013041539050322877
Normal,55,-3361067715.8246317,-0.923416685083851,0.038291657458074474
Normal,56,-1311966509.2760437,-0.9889773888421091,0.005511305578945446
Normal,57,-1716877730.8939574,-1.0,0.0
Normal,58,-424598240.4709086,-0.9849490766728516,0.007525461663574191
Normal,59,-1266051645.0959225,-0.9772495237501116,0.011375238124944195
Normal,60,-808556309.8051684,-0.928845099866967,0.03557745006651654
Normal,61,-401084024.7290336,-0.9929573169178431,0.003521341541078459
Normal,62,-1378980863.7209656,-0.9581378110741484,0.020931094462925803
Normal,63,-176146146.16576353,-0.9985415585917824,0.0007292207041087879
Normal,64,-2845549739.9380736,-0.9699221234325677,0.01503893828371614
Normal,65,-1664417099.7645423,-0.9798116256585571,0.010094187170721454
Normal,66,-1970449591.5454144,-0.9572591799611664,0.021370410019416825
Normal,67,-911566974.5412552,-0.9497860232494747,0.025106988375262665
Normal,68,-1344302235.8675692,-0.9950482584688223,0.0024758707655888603
Normal,69,-1679063977.967431,-0.9734496309539239,0.01327518452303806
Normal,70,-457297135.44611424,-0.9880150632048057,0.005992468397597162
Normal,71,-314336666.1172912,-0.9883964464976157,0.0058017767511921335
Normal,72,-4921962007.000802,-0.9928641133418711,0.003567943329064453
Normal,73,-1060981342.5510234,-0.9780554696722901,0.010972265163854971
Normal,74,-1916866166.269318,-0.9597359895961767,0.02013200520191165
Normal,75,-1021783587.665794,-0.9438146189375887,0.028092690531205684
Normal,76,-313807998.717405,-0.95950898859104,0.02024550570448002
Normal,77,-4209457325.410313,-0.9572568049876399,0.021371597506180062
Normal,78,-884380399.4144828,-0.9876370163582944,0.0061814918208527945
Normal,79,-2594034119.843192,-1.0,0.0
Normal,80,-1085325977.1121352,-0.9894086549474524,0.005295672526273791
Normal,81,-134167032.86178237,-0.9949676380253346,0.002516180987332689
Normal,82,-353499557.2396827,-0.9751456235000232,0.012427188249988416
Normal,83,-4090939684.8623676,-0.9936968333298037,0.0031515833350981267
Normal,84,-959279406.2611436,-0.993856036585566,0.003071981707216993
Normal,85,-2081919604.6843708,-0.9581899112666262,0.020905044366686894
Normal,86,-1966515976.222861,-0.9445263938317875,0.02773680308410627
Normal,87,-5394925608.310705,-0.9570633943058041,0.021468302847097942
Normal,88,-1674558328.6276982,-0.9840305853827823,0.007984707308608827
Normal,89,-879033162.8359782,-0.9864143637100982,0.006792818144950918
Normal,90,-519633563.06107956,-0.9628890246132603,0.018555487693369864
Normal,91,-2429077006.963725,-0.9400932162028139,0.029953391898593053
Normal,92,-2241755734.3672237,-0.9907716127387389,0.004614193630630556
Normal,93,-1163195590.7737443,-0.9835174955300539,0.008241252234973056
Normal,94,-2815950569.8471932,-0.9854531993689127,0.007273400315543649
Normal,95,-1630360073.7183254,-0.9754039378515934,0.012298031074203294
Normal,96,-12547533067.368137,-0.9872818462860247,0.006359076856987681
Normal,97,-981185201.3213146,-0.9937855788306816,0.0031072105846591566
Normal,98,-4571195751.787803,-0.9877138312242428,0.006143084387878575
Normal,99,-152988642.18027467,-0.9899085740600628,0.005045712969968603
Normal,100,-1114096296.2474616,-1.0,0.0
Crisis,1,-5011086384.270319,-0.9985612210981201,0.0007193894509399839
Crisis,2,-3139469894.478178,-0.9940724671207661,0.002963766439616923
Crisis,3,-6593002426.211671,-1.0,0.0
Crisis,4,-1392506859.789121,-0.9895125514322431,0.005243724283878454
Crisis,5,-2195486043.6172876,-0.9964391119932606,0.0017804440033696626
Crisis,6,-4617734403.784939,-0.9937344885480605,0.0031327557259697675
Crisis,7,-3015233540.282089,-0.991239944511909,0.004380027744045502
Crisis,8,-4442360229.535979,-0.9969761605192603,0.001511919740369838
Crisis,9,-5819905653.012468,-1.0,0.0
Crisis,10,-2755151546.609256,-0.9979871681853001,0.0010064159073499609
Crisis,11,-772890722.7051953,-0.9990410300730869,0.0004794849634565399
Crisis,12,-1955303285.2483406,-0.9950076188946858,0.002496190552657092
Crisis,13,-6772659656.301794,-0.9993967529181145,0.0003016235409427912
Crisis,14,-8815674276.382957,-1.0,0.0
Crisis,15,-247979826.48844028,-1.0,0.0
Crisis,16,-8634868108.583235,-0.990173044582184,0.004913477708907995
Crisis,17,-2001687969.8706036,-0.9857354273062223,0.007132286346888839
Crisis,18,-490430842.75844496,-1.0,0.0
Crisis,19,-6100107824.552773,-1.0,0.0
Crisis,20,-3122383972.3590364,-0.9937958888233424,0.0031020555883288017
Crisis,21,-2819061709.6883445,-0.9978406109276009,0.0010796945361995543
Crisis,22,-1857131539.4993956,-0.9936459482004486,0.003177025899775682
Crisis,23,-4618691136.653327,-0.9888870560757378,0.005556471962131124
Crisis,24,-2372714089.496665,-0.9995323969012366,0.00023380154938169992
Crisis,25,-2781502078.4184723,-0.9939891583330474,0.0030054208334762975
Crisis,26,-1844660851.0569124,-0.9982150016250416,0.0008924991874792122
Crisis,27,-1345328400.8672798,-0.9919724630710784,0.004013768464460775
Crisis,28,-5568186757.208874,-0.9992338353667949,0.000383082316602561
Crisis,29,-4154062688.898824,-0.9969980663455935,0.0015009668272032413
Crisis,30,-1703879932.699671,-0.981803831395497,0.009098084302251501
Crisis,31,-5649232555.155943,-0.9977786497622703,0.0011106751188648635
Crisis,32,-8888260328.099623,-0.9978372975278905,0.001081351236054724
Crisis,33,-1281229770.7029839,-0.9946983127865842,0.0026508436067079182
Crisis,34,-6548862893.898206,-0.9930981731859047,0.003450913407047649
Crisis,35,-4834518551.086932,-0.9961424101651039,0.0019287949174480968
Crisis,36,-3304849758.046743,-0.9995178627997184,0.00024106860014079862
Crisis,37,-3265173428.1064706,-1.0,0.0
Crisis,38,-1760646409.2634368,-0.9924511752482263,0.003774412375886852
Crisis,39,-1379616636.1364248,-0.9987487511250726,0.0006256244374637257
Crisis,40,-2871403156.44975,-0.9991391727945598,0.0004304136027201183
Crisis,41,-2857495329.960965,-0.9943607835766407,0.0028196082116796655
Crisis,42,-542638427.6306453,-0.9972771087194274,0.0013614456402863103
Crisis,43,-2126249361.2412388,-0.995811032569981,0.0020944837150094512
Crisis,44,-2766565792.708549,-0.9965125394796508,0.0017437302601746086
Crisis,45,-183939709.46853352,-0.9950024259944434,0.0024987870027782747
Crisis,46,-6578078779.364922,-0.9973051341562134,0.0013474329218933392
Crisis,47,-802076531.8928089,-1.0,0.0
Crisis,48,-1905379127.8856075,-1.0,0.0
Crisis,49,-13681339258.258482,-1.0,0.0
Crisis,50,-2049869967.473937,-1.0,0.0
Crisis,51,-7658352853.124925,-0.9882505475854382,0.005874726207280889
Crisis,52,-2438963082.2115664,-1.0,0.0
Crisis,53,-6171859977.602851,-1.0,0.0
Crisis,54,-2633062739.611196,-1.0,0.0
Crisis,55,-3021918068.1310115,-1.0,0.0
Crisis,56,-6078473890.23208,-0.9956853639209405,0.002157318039529732
Crisis,57,-2549328300.9801216,-0.995864461968207,0.002067769015896499
Crisis,58,-5277802772.41964,-1.0,0.0
Crisis,59,-1890761366.143564,-0.9923955323336413,0.003802233833179328
Crisis,60,-382942164.0595663,-0.9901765224672993,0.004911738766350368
Crisis,61,-3862553818.049184,-0.9920992703342357,0.003950364832882123
Crisis,62,-5289991031.247555,-1.0,0.0
Crisis,63,-4965878618.287671,-0.9958258602073032,0.0020870698963483666
Crisis,64,-3861709914.9464216,-0.9949644785910181,0.0025177607044909256
Crisis,65,-4588414921.662527,-1.0,0.0
Crisis,66,-6794413646.506095,-0.9983060303269049,0.0008469848365475481
Crisis,67,-5659903030.970943,-0.9997203156151246,0.00013984219243766036
Crisis,68,-6053292339.971894,-0.9939186179624124,0.0030406910187938023
Crisis,69,-7895964163.782472,-0.9996212592282439,0.00018937038587807636
Crisis,70,-328738770.77214545,-1.0,0.0
Crisis,71,-10359619672.638735,-1.0,0.0
Crisis,72,-954809677.0590357,-0.9963673734254538,0.0018163132872731037
Crisis,73,-3601231613.343071,-0.9969640373665627,0.00151798131671863
Crisis,74,-4231689296.563687,-0.9993282266459081,0.0003358866770459414
Crisis,75,-3546127899.8989754,-0.9989551697858744,0.0005224151070628125
Crisis,76,-8075249028.742541,-1.0,0.0
Crisis,77,-4360387774.800533,-0.9969592394564969,0.0015203802717515323
Crisis,78,-5984264525.506566,-0.9976423081619643,0.0011788459190178505
Crisis,79,-2825666585.358902,-0.9884794205611311,0.005760289719434458
Crisis,80,-4690341673.983613,-1.0,0.0
Crisis,81,-4372672992.7577305,-0.9985046085282636,0.0007476957358682157
Crisis,82,-3478918142.533418,-0.9914187513600194,0.004290624319990281
Crisis,83,-3172692229.449648,-0.9926027745021804,0.00369861274890982
Crisis,84,-1800034023.7011912,-1.0,0.0
Crisis,85,-10696602288.715252,-1.0,0.0
Crisis,86,-1491633091.8367128,-0.9924432006907008,0.0037783996546495845
Crisis,87,-9079267662.729599,-0.9929766567528725,0.0035116716235637606
Crisis,88,-3082660797.5317817,-0.9978822078278216,0.0010588960860892192
Crisis,89,-1419667719.022801,-0.9913992833220392,0.004300358338980409
Crisis,90,-5302494457.8276825,-0.9964535727807955,0.0017732136096022524
Crisis,91,-964359451.0882504,-1.0,0.0
Crisis,92,-2703828900.293422,-0.997639612756461,0.001180193621769514
Crisis,93,-6157508954.464021,-0.9971987184434871,0.0014006407782564852
Crisis,94,-1397057845.6933985,-0.9989133223186902,0.0005433388406548659
Crisis,95,-3497918983.978044,-0.9975007807583975,0.0012496096208012258
Crisis,96,-3012053297.648257,-0.9931172142707791,0.003441392864610421
Crisis,97,-9913716190.408493,-0.9971267578485064,0.0014366210757468163
Crisis,98,-2992479298.156091,-0.9890197012510664,0.0054901493744667915
Crisis,99,-4798187937.61877,-1.0,0.0
Crisis,100,-757517941.1746588,-0.9944819722997464,0.002759013850126766
